game_id,game_date,home_team,away_team,home_pts,away_pts,home_win,home_fgm,away_fgm,home_fga,away_fga,home_fg_pct,away_fg_pct,home_fg3m,away_fg3m,home_fg3a,away_fg3a,home_fg3_pct,away_fg3_pct,home_ftm,away_ftm,home_fta,away_fta,home_ft_pct,away_ft_pct,home_oreb,away_oreb,home_dreb,away_dreb,home_reb,away_reb,home_ast,away_ast,home_stl,away_stl,home_blk,away_blk,home_tov,away_tov,home_pf,away_pf,home_plus_minus,away_plus_minus
0022500001,2025-10-21,OKC,HOU,125,124,1,46,43,104,97,0.442,0.443,13,11,52,39,0.25,0.282,20,27,25,31,0.8,0.871,11,16,27,36,38,52,29,23,12,6,4,5,12,25,27,26,1,-1
0022500002,2025-10-21,LAL,GSW,109,119,0,42,38,77,78,0.545,0.487,8,17,32,40,0.25,0.425,17,26,28,29,0.607,0.897,7,9,32,31,39,40,23,29,7,10,2,4,20,19,21,27,-10,10
0022500089,2025-10-22,POR,MIN,114,118,0,36,42,90,86,0.4,0.488,13,15,42,30,0.31,0.5,29,19,35,24,0.829,0.792,7,10,32,35,39,45,25,21,10,10,3,10,16,19,17,29,-4,4
0022500088,2025-10-22,PHX,SAC,120,116,1,45,47,95,94,0.474,0.5,10,9,34,24,0.294,0.375,20,13,28,23,0.714,0.565,18,9,33,28,51,37,23,24,7,10,7,10,16,13,25,22,4,-4
0022500087,2025-10-22,UTA,LAC,129,108,1,48,39,87,88,0.552,0.443,17,14,44,45,0.386,0.311,16,16,20,21,0.8,0.762,13,15,33,23,46,38,38,28,11,8,6,6,13,15,21,21,21,-21
0022500085,2025-10-22,MEM,NOP,128,122,1,41,45,80,98,0.513,0.459,11,10,37,27,0.297,0.37,35,22,43,31,0.814,0.71,6,17,33,30,39,47,20,20,5,10,12,4,17,15,29,30,6,-6
0022500084,2025-10-22,CHI,DET,115,111,1,39,43,87,97,0.448,0.443,11,7,30,24,0.367,0.292,26,18,32,26,0.813,0.692,12,13,38,33,50,46,29,29,6,8,8,10,18,10,23,29,4,-4
0022500083,2025-10-22,BOS,PHI,116,117,0,41,39,91,85,0.451,0.459,11,16,43,41,0.256,0.39,23,23,26,30,0.885,0.767,10,10,32,30,42,40,16,23,7,3,4,4,11,14,28,23,-1,1
0022500082,2025-10-22,ATL,TOR,118,138,0,38,54,90,95,0.422,0.568,10,6,35,25,0.286,0.24,32,24,37,29,0.865,0.828,8,12,26,42,34,54,25,36,7,10,6,4,16,19,24,31,-20,20
0022500081,2025-10-22,ORL,MIA,125,121,1,42,44,90,91,0.467,0.484,12,12,30,35,0.4,0.343,29,21,35,27,0.829,0.778,9,10,37,37,46,47,23,26,8,9,7,4,15,19,20,28,4,-4
0022500080,2025-10-22,CHA,BKN,136,117,1,48,39,90,88,0.533,0.443,17,14,36,40,0.472,0.35,23,25,33,34,0.697,0.735,14,12,36,26,50,38,33,25,5,8,5,3,17,17,25,28,19,-19
0022500086,2025-10-22,MIL,WAS,133,120,1,50,46,98,98,0.51,0.469,18,17,44,42,0.409,0.405,15,11,19,19,0.789,0.579,6,13,40,43,46,56,31,23,8,5,6,4,8,13,22,19,13,-13
0022500004,2025-10-22,DAL,SAS,92,125,0,31,50,83,87,0.373,0.575,9,8,21,20,0.429,0.4,21,17,26,28,0.808,0.607,9,11,28,39,37,50,20,24,5,10,3,5,16,15,24,24,-33,33
0022500003,2025-10-22,NYK,CLE,119,111,1,37,40,86,86,0.43,0.465,14,19,40,46,0.35,0.413,31,12,36,18,0.861,0.667,9,4,39,28,48,32,22,21,8,8,4,4,14,15,23,25,8,-8
0022500006,2025-10-23,GSW,DEN,137,131,1,50,51,99,95,0.505,0.537,18,16,47,40,0.383,0.4,19,13,25,14,0.76,0.929,10,7,33,36,43,43,33,32,11,8,3,4,9,13,16,22,6,-6
0022500005,2025-10-23,IND,OKC,135,141,0,46,43,105,95,0.438,0.453,13,10,43,35,0.302,0.286,30,45,40,51,0.75,0.882,11,9,44,51,55,60,21,17,6,6,4,2,14,14,37,33,-6,6
0022500092,2025-10-24,TOR,MIL,116,122,0,42,47,85,90,0.494,0.522,11,14,27,40,0.407,0.35,21,14,32,25,0.656,0.56,10,14,31,37,41,51,25,25,10,9,4,5,16,19,21,24,-6,6
0022500090,2025-10-24,ORL,ATL,107,111,0,37,41,78,85,0.474,0.482,9,8,31,29,0.29,0.276,24,21,37,28,0.649,0.75,12,9,33,31,45,40,21,26,7,9,3,5,22,16,26,21,-4,4
0022500091,2025-10-24,BKN,CLE,124,131,0,49,44,96,82,0.51,0.537,19,18,45,42,0.422,0.429,7,25,7,35,1.0,0.714,10,9,28,27,38,36,30,32,9,14,0,5,20,17,28,18,-7,7
0022500093,2025-10-24,HOU,DET,111,115,0,32,42,83,90,0.386,0.467,10,16,22,39,0.455,0.41,37,15,48,23,0.771,0.652,17,15,28,33,45,48,15,26,14,6,2,11,14,18,24,31,-4,4
0022500094,2025-10-24,MEM,MIA,114,146,0,38,55,95,102,0.4,0.539,13,19,45,40,0.289,0.475,25,17,28,22,0.893,0.773,12,17,29,40,41,57,29,34,8,15,4,4,20,20,19,25,-32,32
0022500095,2025-10-24,NOP,SAS,116,120,0,42,45,97,98,0.433,0.459,10,13,32,43,0.313,0.302,22,17,29,26,0.759,0.654,16,20,29,39,45,59,24,25,10,6,3,13,15,19,21,27,-4,4
0022500096,2025-10-24,DAL,WAS,107,117,0,38,41,88,90,0.432,0.456,10,15,34,36,0.294,0.417,21,20,27,29,0.778,0.69,9,10,39,38,48,48,23,27,11,11,5,8,21,17,19,24,-10,10
0022500097,2025-10-24,POR,GSW,139,119,1,50,35,93,80,0.538,0.438,16,16,34,38,0.471,0.421,23,33,25,39,0.92,0.846,10,12,28,29,38,41,30,24,13,12,5,3,19,25,28,22,20,-20
0022500098,2025-10-24,SAC,UTA,105,104,1,40,38,83,86,0.482,0.442,14,13,32,41,0.438,0.317,11,15,15,17,0.733,0.882,5,11,28,39,33,50,23,25,10,6,4,1,13,20,18,16,1,-1
0022500099,2025-10-24,LAC,PHX,129,102,1,45,37,76,90,0.592,0.411,16,16,29,47,0.552,0.34,23,12,26,15,0.885,0.8,10,15,35,22,45,37,32,23,12,12,5,4,19,18,19,25,27,-27
0022500019,2025-10-24,LAL,MIN,128,110,1,45,41,76,88,0.592,0.466,12,13,29,38,0.414,0.342,26,15,32,21,0.813,0.714,7,15,31,25,38,40,26,24,6,4,3,3,12,12,20,27,18,-18
0022500018,2025-10-24,NYK,BOS,105,95,1,33,35,86,82,0.384,0.427,17,15,45,44,0.378,0.341,22,10,25,15,0.88,0.667,21,8,32,29,53,37,23,19,7,10,4,7,20,16,17,25,10,-10
0022500104,2025-10-25,DEN,PHX,133,111,1,43,38,84,88,0.512,0.432,9,17,31,50,0.29,0.34,38,18,42,22,0.905,0.818,11,12,32,26,43,38,31,24,14,7,1,4,16,20,23,29,22,-22
0022500100,2025-10-25,ORL,CHI,98,110,0,34,39,87,83,0.391,0.47,3,10,24,27,0.125,0.37,27,22,33,29,0.818,0.759,15,9,38,37,53,46,12,26,8,13,5,2,20,20,25,26,-12,12
0022500101,2025-10-25,ATL,OKC,100,117,0,35,43,85,93,0.412,0.462,16,14,39,37,0.41,0.378,14,17,21,19,0.667,0.895,15,15,31,35,46,50,25,21,7,13,5,3,17,13,23,19,-17,17
0022500102,2025-10-25,PHI,CHA,125,121,1,41,43,87,89,0.471,0.483,18,16,39,42,0.462,0.381,25,19,32,28,0.781,0.679,11,13,29,32,40,45,29,30,10,6,5,3,15,17,25,26,4,-4
0022500103,2025-10-25,MEM,IND,128,103,1,44,36,97,89,0.454,0.404,15,14,39,40,0.385,0.35,25,17,32,23,0.781,0.739,10,11,39,33,49,44,31,25,6,2,4,5,6,13,22,21,25,-25
0022500105,2025-10-26,SAS,BKN,118,107,1,39,34,78,87,0.5,0.391,12,16,27,50,0.444,0.32,28,23,36,24,0.778,0.958,11,11,34,23,45,34,20,22,7,9,6,0,15,12,23,30,11,-11
0022500106,2025-10-26,DET,BOS,119,113,1,39,40,93,94,0.419,0.426,9,15,34,45,0.265,0.333,32,18,36,24,0.889,0.75,19,12,36,26,55,38,22,17,7,11,5,8,16,12,24,26,6,-6
0022500107,2025-10-26,CLE,MIL,118,113,1,39,40,87,79,0.448,0.506,12,13,40,33,0.3,0.394,28,20,35,28,0.8,0.714,10,9,34,28,44,37,23,25,10,12,2,6,17,18,23,26,5,-5
0022500108,2025-10-26,MIA,NYK,115,107,1,38,38,83,98,0.458,0.388,13,15,37,54,0.351,0.278,26,16,31,21,0.839,0.762,9,16,41,36,50,52,25,23,7,9,1,3,16,16,16,24,8,-8
0022500109,2025-10-26,WAS,CHA,113,139,0,41,47,91,92,0.451,0.511,10,15,34,38,0.294,0.395,21,30,25,36,0.84,0.833,7,11,33,41,40,52,25,30,5,12,4,4,15,12,27,16,-26,26
0022500110,2025-10-26,MIN,IND,114,110,1,39,39,84,91,0.464,0.429,10,14,33,40,0.303,0.35,26,18,37,27,0.703,0.667,13,16,35,33,48,49,19,24,9,7,4,5,14,17,24,27,4,-4
0022500111,2025-10-26,DAL,TOR,139,129,1,50,49,85,100,0.588,0.49,10,13,26,33,0.385,0.394,29,18,39,24,0.744,0.75,12,14,37,29,49,43,32,33,12,10,7,1,20,16,26,28,10,-10
0022500113,2025-10-26,SAC,LAL,120,127,0,45,39,101,80,0.446,0.488,18,8,43,25,0.419,0.32,12,41,18,46,0.667,0.891,13,10,27,37,40,47,27,26,13,9,4,3,16,17,26,17,-7,7
0022500112,2025-10-26,LAC,POR,114,107,1,44,34,80,92,0.55,0.37,12,11,31,41,0.387,0.268,14,28,15,34,0.933,0.824,7,18,39,24,46,42,26,24,11,12,8,2,24,16,27,21,7,-7
0022500122,2025-10-27,LAL,POR,108,122,0,40,47,86,103,0.465,0.456,7,14,27,43,0.259,0.326,21,14,26,15,0.808,0.933,12,19,30,30,42,49,23,24,11,12,5,9,25,19,19,17,-14,14
0022500115,2025-10-27,CHI,ATL,128,123,1,48,49,92,98,0.522,0.5,16,11,43,32,0.372,0.344,16,14,21,20,0.762,0.7,12,8,39,28,51,36,33,32,5,8,4,1,18,6,20,17,5,-5
0022500116,2025-10-27,HOU,BKN,137,109,1,49,41,85,86,0.576,0.477,16,15,32,40,0.5,0.375,23,12,26,18,0.885,0.667,9,15,30,22,39,37,33,22,10,3,4,0,10,14,22,24,28,-28
0022500117,2025-10-27,NOP,BOS,90,122,0,28,46,84,95,0.333,0.484,9,18,36,53,0.25,0.34,25,12,28,15,0.893,0.8,11,16,24,38,35,54,17,25,7,5,0,7,14,12,19,24,-32,32
0022500118,2025-10-27,SAS,TOR,121,103,1,39,37,67,79,0.582,0.468,13,12,27,32,0.481,0.375,30,17,36,23,0.833,0.739,7,1,37,19,44,20,29,29,11,9,3,4,21,15,17,23,18,-18
0022500119,2025-10-27,DAL,OKC,94,101,0,33,42,87,90,0.379,0.467,12,6,39,30,0.308,0.2,16,11,22,13,0.727,0.846,6,9,30,46,36,55,20,21,6,5,4,5,9,13,15,23,-7,7
0022500120,2025-10-27,UTA,PHX,138,134,1,44,45,108,106,0.407,0.425,16,20,49,55,0.327,0.364,34,24,36,31,0.944,0.774,28,18,36,30,64,48,27,37,8,13,4,8,19,14,27,29,4,-4
0022500121,2025-10-27,GSW,MEM,131,118,1,44,40,83,88,0.53,0.455,19,12,43,39,0.442,0.308,24,26,30,28,0.8,0.929,7,7,32,32,39,39,36,32,7,8,5,3,16,13,24,20,13,-13
0022500114,2025-10-27,PHI,ORL,136,124,1,48,45,97,82,0.495,0.549,14,8,33,25,0.424,0.32,26,26,32,38,0.813,0.684,14,13,25,30,39,43,25,27,5,4,9,7,7,13,27,22,12,-12
0022500007,2025-10-27,DET,CLE,95,116,0,33,39,87,85,0.379,0.459,11,11,34,35,0.324,0.314,18,27,27,35,0.667,0.771,16,12,32,36,48,48,20,25,12,11,4,4,26,20,29,25,-21,21
0022500008,2025-10-27,MIN,DEN,114,127,0,40,46,85,88,0.471,0.523,10,13,32,26,0.313,0.5,24,22,29,25,0.828,0.88,7,10,26,36,33,46,19,24,8,5,9,4,15,14,22,24,-13,13
0022500125,2025-10-28,MIL,NYK,121,111,1,43,39,79,92,0.544,0.424,14,13,34,40,0.412,0.325,21,20,24,23,0.875,0.87,4,17,34,28,38,45,27,24,7,9,8,2,13,13,21,21,10,-10
0022500126,2025-10-28,OKC,SAC,107,101,1,42,36,92,85,0.457,0.424,14,10,44,29,0.318,0.345,9,19,10,21,0.9,0.905,10,9,34,37,44,46,26,21,11,11,10,3,15,17,19,16,6,-6
0022500123,2025-10-28,WAS,PHI,134,139,0,51,45,107,100,0.477,0.45,17,17,43,42,0.395,0.405,15,32,21,37,0.714,0.865,13,18,37,37,50,55,33,26,10,7,5,11,16,14,30,21,-5,5
0022500127,2025-10-28,GSW,LAC,98,79,1,39,30,86,82,0.453,0.366,17,6,45,33,0.378,0.182,3,13,4,16,0.75,0.813,10,13,32,34,42,47,24,10,11,7,3,2,13,16,15,5,19,-19
0022500124,2025-10-28,MIA,CHA,144,117,1,52,40,96,90,0.542,0.444,20,18,45,45,0.444,0.4,20,19,22,23,0.909,0.826,8,9,29,32,37,41,34,26,8,9,2,3,11,18,16,18,27,-27
0022500136,2025-10-29,MIN,LAL,115,116,0,41,45,82,83,0.5,0.542,15,11,30,31,0.5,0.355,18,15,22,22,0.818,0.682,9,11,25,29,34,40,30,34,8,6,5,5,18,19,23,22,-1,1
0022500137,2025-10-29,PHX,MEM,113,114,0,41,44,86,93,0.477,0.473,16,15,40,38,0.4,0.395,15,11,17,13,0.882,0.846,8,9,32,32,40,41,25,31,11,12,4,3,21,17,20,17,-1,1
0022500135,2025-10-29,UTA,POR,134,136,0,41,46,84,96,0.488,0.479,11,21,35,55,0.314,0.382,41,23,49,27,0.837,0.852,16,14,30,25,46,39,30,34,10,14,7,5,22,18,24,33,-2,2
0022500128,2025-10-29,BOS,CLE,125,105,1,42,35,95,87,0.442,0.402,21,17,57,52,0.368,0.327,20,18,24,24,0.833,0.75,18,11,35,31,53,42,29,25,11,6,3,4,10,14,19,22,20,-20
0022500133,2025-10-29,DAL,IND,107,105,1,36,37,79,106,0.456,0.349,5,13,24,45,0.208,0.289,30,18,37,28,0.811,0.643,7,19,40,33,47,52,21,20,4,8,7,7,19,14,22,29,2,-2
0022500132,2025-10-29,CHI,SAC,126,113,1,49,43,91,82,0.538,0.524,14,7,32,28,0.438,0.25,14,20,18,26,0.778,0.769,12,5,34,26,46,31,34,28,6,10,2,2,16,10,20,17,13,-13
0022500130,2025-10-29,BKN,ATL,112,117,0,40,44,88,93,0.455,0.473,11,13,37,33,0.297,0.394,21,16,27,22,0.778,0.727,15,13,32,31,47,44,23,33,4,11,4,8,16,8,17,26,-5,5
0022500129,2025-10-29,DET,ORL,135,116,1,46,38,93,83,0.495,0.458,13,12,32,31,0.406,0.387,30,28,34,40,0.882,0.7,14,15,32,28,46,43,29,22,11,5,8,5,14,17,28,27,19,-19
0022500134,2025-10-29,DEN,NOP,122,88,1,48,32,90,85,0.533,0.376,14,7,42,34,0.333,0.206,12,17,14,29,0.857,0.586,13,13,43,23,56,36,40,17,6,9,4,3,14,14,23,15,34,-34
0022500131,2025-10-29,TOR,HOU,121,139,0,43,50,85,87,0.506,0.575,21,13,40,30,0.525,0.433,14,26,19,34,0.737,0.765,4,17,18,36,22,53,29,31,6,9,2,8,10,17,26,16,-18,18
0022500138,2025-10-30,CHA,ORL,107,123,0,42,45,83,87,0.506,0.517,11,16,30,38,0.367,0.421,12,17,15,23,0.8,0.739,12,14,29,24,41,38,24,29,5,10,6,7,21,13,22,19,-16,16
0022500139,2025-10-30,MIL,GSW,120,110,1,46,36,96,85,0.479,0.424,19,13,46,38,0.413,0.342,9,25,13,26,0.692,0.962,7,9,27,35,34,44,25,23,7,8,2,6,16,22,22,17,10,-10
0022500140,2025-10-30,OKC,WAS,127,108,1,44,38,98,84,0.449,0.452,16,17,49,40,0.327,0.425,23,15,28,17,0.821,0.882,14,12,33,37,47,49,29,25,16,3,8,6,6,23,15,26,19,-19
0022500141,2025-10-30,SAS,MIA,107,101,1,38,39,86,90,0.442,0.433,14,15,41,38,0.341,0.395,17,8,23,11,0.739,0.727,9,5,39,36,48,41,26,29,10,6,8,2,11,14,17,20,6,-6
0022500021,2025-10-31,PHI,BOS,108,109,0,37,44,78,101,0.474,0.436,13,14,34,45,0.382,0.311,21,7,29,12,0.724,0.583,9,16,31,29,40,45,27,26,6,8,7,7,18,10,13,24,-1,1
0022500022,2025-10-31,CLE,TOR,101,112,0,36,40,90,82,0.4,0.488,14,13,46,30,0.304,0.433,15,19,23,24,0.652,0.792,15,10,27,38,42,48,24,27,10,9,10,4,14,18,15,18,-11,11
0022500020,2025-10-31,IND,ATL,108,128,0,35,51,99,94,0.354,0.543,13,10,47,30,0.277,0.333,25,16,33,20,0.758,0.8,18,12,31,43,49,55,23,30,6,10,3,5,12,10,16,23,-20,20
0022500026,2025-10-31,POR,DEN,109,107,1,38,38,91,79,0.418,0.481,11,6,39,25,0.282,0.24,22,25,31,31,0.71,0.806,16,10,27,36,43,46,26,19,11,6,5,7,13,19,24,21,2,-2
0022500025,2025-10-31,PHX,UTA,118,96,1,43,30,91,80,0.473,0.375,17,12,48,37,0.354,0.324,15,24,18,32,0.833,0.75,8,12,36,36,44,48,30,23,10,4,6,3,12,21,25,22,22,-22
0022500024,2025-10-31,MEM,LAL,112,117,0,41,39,93,76,0.441,0.513,14,13,45,38,0.311,0.342,16,26,19,33,0.842,0.788,13,5,29,35,42,40,28,24,9,8,0,3,11,15,25,16,-5,5
0022500023,2025-10-31,CHI,NYK,135,125,1,45,45,84,91,0.536,0.495,17,18,37,45,0.459,0.4,28,17,35,23,0.8,0.739,6,12,35,27,41,39,31,27,8,3,6,5,9,12,22,25,10,-10
0022500027,2025-10-31,LAC,NOP,126,124,1,46,40,89,83,0.517,0.482,15,18,39,37,0.385,0.486,19,26,21,29,0.905,0.897,10,12,27,31,37,43,28,28,12,8,6,4,12,15,19,18,2,-2
0022500142,2025-11-01,MIL,SAC,133,135,0,49,45,82,87,0.598,0.517,15,10,32,28,0.469,0.357,20,35,31,40,0.645,0.875,9,11,28,27,37,38,30,30,5,8,2,1,11,10,26,21,-2,2
0022500143,2025-11-01,CHA,MIN,105,122,0,34,47,86,87,0.395,0.54,13,17,45,36,0.289,0.472,24,11,27,14,0.889,0.786,10,4,35,34,45,38,23,31,4,8,4,2,14,10,16,22,-17,17
0022500144,2025-11-01,IND,GSW,114,109,1,40,39,89,90,0.449,0.433,10,12,33,44,0.303,0.273,24,19,28,22,0.857,0.864,11,10,36,34,47,44,24,25,7,5,3,4,12,16,19,27,5,-5
0022500145,2025-11-01,WAS,ORL,94,125,0,39,47,98,92,0.398,0.511,9,12,27,36,0.333,0.333,7,19,15,22,0.467,0.864,11,8,29,45,40,53,19,32,7,13,9,10,17,17,23,16,-31,31
0022500146,2025-11-01,BOS,HOU,101,128,0,40,42,103,77,0.388,0.545,14,19,44,29,0.318,0.655,7,25,7,35,1.0,0.714,14,12,22,41,36,53,24,30,9,6,2,11,10,20,25,14,-27,27
0022500148,2025-11-02,OKC,NOP,137,106,1,47,35,84,80,0.56,0.438,20,16,48,40,0.417,0.4,23,20,26,32,0.885,0.625,8,12,34,26,42,38,33,26,12,6,5,3,13,17,22,22,31,-31
0022500149,2025-11-02,BKN,PHI,105,129,0,39,50,91,96,0.429,0.521,7,15,39,40,0.179,0.375,20,14,26,17,0.769,0.824,13,12,31,32,44,44,21,34,10,10,4,6,19,15,15,25,-24,24
0022500150,2025-11-02,CHA,UTA,126,103,1,43,36,88,88,0.489,0.409,18,7,43,32,0.419,0.219,22,24,22,29,1.0,0.828,9,10,37,28,46,38,31,27,6,7,6,3,15,11,25,24,23,-23
0022500151,2025-11-02,CLE,ATL,117,109,1,40,39,97,77,0.412,0.506,20,6,57,23,0.351,0.261,17,25,18,35,0.944,0.714,13,8,31,38,44,46,30,28,12,9,4,3,18,23,28,21,8,-8
0022500153,2025-11-02,NYK,CHI,128,116,1,43,45,95,93,0.453,0.484,20,17,42,40,0.476,0.425,22,9,22,11,1.0,0.818,14,12,33,34,47,46,31,28,7,7,5,3,11,14,12,20,12,-12
0022500154,2025-11-02,PHX,SAS,130,118,1,46,45,79,98,0.582,0.459,19,10,33,41,0.576,0.244,19,18,22,23,0.864,0.783,5,16,34,25,39,41,34,21,8,11,4,5,20,14,26,21,12,-12
0022500155,2025-11-02,LAL,MIA,130,120,1,48,43,95,84,0.505,0.512,15,9,46,33,0.326,0.273,19,25,23,36,0.826,0.694,8,9,33,33,41,42,33,29,14,7,2,3,12,15,26,20,10,-10
0022500152,2025-11-02,TOR,MEM,117,104,1,45,38,89,87,0.506,0.437,11,11,37,35,0.297,0.314,16,17,20,20,0.8,0.85,15,11,34,30,49,41,32,24,5,6,7,0,16,13,23,18,13,-13
0022500156,2025-11-03,BKN,MIN,109,125,0,36,44,89,78,0.404,0.564,12,14,40,35,0.3,0.4,25,23,38,35,0.658,0.657,18,14,22,39,40,53,25,33,9,6,4,4,12,17,24,26,-16,16
0022500157,2025-11-03,IND,MIL,115,117,0,39,42,90,88,0.433,0.477,8,20,33,47,0.242,0.426,29,13,38,22,0.763,0.591,14,9,31,34,45,43,24,24,8,6,4,5,12,18,24,28,-2,2
0022500158,2025-11-03,BOS,UTA,103,105,0,37,38,89,84,0.416,0.452,11,9,51,31,0.216,0.29,18,20,22,25,0.818,0.8,10,15,26,40,36,55,21,23,12,4,4,2,10,19,22,21,-2,2
0022500159,2025-11-03,NYK,WAS,119,102,1,44,38,94,81,0.468,0.469,15,13,41,35,0.366,0.371,16,13,20,19,0.8,0.684,12,7,37,37,49,44,32,30,12,7,4,5,12,20,16,21,17,-17
0022500160,2025-11-03,HOU,DAL,110,102,1,41,40,89,89,0.461,0.449,8,9,29,36,0.276,0.25,20,13,30,20,0.667,0.65,15,10,39,30,54,40,23,30,9,12,7,6,17,15,17,25,8,-8
0022500161,2025-11-03,MEM,DET,106,114,0,35,42,87,83,0.402,0.506,14,10,41,31,0.341,0.323,22,20,25,29,0.88,0.69,18,10,31,33,49,43,25,23,8,11,5,9,20,14,22,21,-8,8
0022500163,2025-11-03,POR,LAL,115,123,0,42,50,85,85,0.494,0.588,9,9,40,23,0.225,0.391,22,14,30,16,0.733,0.875,15,8,23,26,38,34,23,29,13,11,3,5,18,17,18,22,-8,8
0022500162,2025-11-03,DEN,SAC,130,124,1,50,47,97,90,0.515,0.522,12,9,38,27,0.316,0.333,18,21,24,25,0.75,0.84,8,8,32,39,40,47,33,27,9,5,5,1,8,15,18,24,6,-6
0022500164,2025-11-03,LAC,MIA,119,120,0,44,45,88,83,0.5,0.542,17,12,41,25,0.415,0.48,14,18,19,24,0.737,0.75,11,6,33,31,44,37,25,33,13,12,4,3,21,16,24,15,-1,1
0022500165,2025-11-04,TOR,MIL,128,100,1,44,37,91,86,0.484,0.43,17,11,38,38,0.447,0.289,23,15,29,21,0.793,0.714,10,9,40,32,50,41,33,26,8,5,6,4,10,15,23,26,28,-28
0022500166,2025-11-04,ATL,ORL,127,112,1,40,36,72,83,0.556,0.434,13,11,30,34,0.433,0.324,34,29,42,33,0.81,0.879,6,14,28,27,34,41,23,26,11,9,6,1,20,19,24,30,15,-15
0022500167,2025-11-04,CHI,PHI,113,111,1,42,40,89,94,0.472,0.426,13,11,34,30,0.382,0.367,16,20,20,24,0.8,0.833,12,12,36,28,48,40,26,22,11,12,9,11,18,16,19,21,2,-2
0022500168,2025-11-04,NOP,CHA,116,112,1,43,39,90,82,0.478,0.476,17,13,38,38,0.447,0.342,13,21,19,28,0.684,0.75,13,15,26,34,39,49,27,20,9,8,3,6,13,20,20,23,4,-4
0022500169,2025-11-04,GSW,PHX,118,107,1,41,40,83,91,0.494,0.44,19,12,42,33,0.452,0.364,17,15,20,16,0.85,0.938,8,16,31,30,39,46,33,25,9,10,4,5,16,17,18,17,11,-11
0022500170,2025-11-04,LAC,OKC,107,126,0,33,45,80,86,0.413,0.523,18,18,43,38,0.419,0.474,23,18,27,22,0.852,0.818,10,8,32,32,42,40,26,28,9,12,2,6,19,11,20,23,-19,19
0022500179,2025-11-05,LAL,SAS,118,116,1,37,36,83,74,0.446,0.486,10,13,31,33,0.323,0.394,34,31,44,40,0.773,0.775,12,8,26,29,38,37,23,22,8,7,5,1,14,19,30,36,2,-2
0022500180,2025-11-05,POR,OKC,121,119,1,36,38,88,91,0.409,0.418,19,15,43,38,0.442,0.395,30,28,32,31,0.938,0.903,11,13,38,37,49,50,24,24,8,9,6,5,18,15,24,27,2,-2
0022500178,2025-11-05,DEN,MIA,122,112,1,43,38,101,86,0.426,0.442,11,14,40,41,0.275,0.341,25,22,28,25,0.893,0.88,21,5,40,33,61,38,33,26,10,13,4,4,17,15,16,20,10,-10
0022500181,2025-11-05,SAC,GSW,121,116,1,41,40,83,89,0.494,0.449,11,17,23,43,0.478,0.395,28,19,33,23,0.848,0.826,8,10,39,34,47,44,27,28,7,10,5,6,16,19,18,26,5,-5
0022500177,2025-11-05,DAL,NOP,99,101,0,37,39,89,91,0.416,0.429,10,10,32,31,0.313,0.323,15,13,20,16,0.75,0.813,10,14,34,42,44,56,18,18,11,10,7,3,15,16,15,18,-2,2
0022500176,2025-11-05,MEM,HOU,109,124,0,34,48,89,101,0.382,0.475,13,13,39,30,0.333,0.433,28,15,35,18,0.8,0.833,13,15,34,39,47,54,25,29,10,9,9,3,15,13,19,21,-15,15
0022500174,2025-11-05,BOS,WAS,136,107,1,52,39,95,80,0.547,0.488,16,9,41,27,0.39,0.333,16,20,21,27,0.762,0.741,12,11,28,29,40,40,31,25,12,2,3,5,7,19,24,18,29,-29
0022500173,2025-11-05,IND,BKN,103,112,0,41,36,99,86,0.414,0.419,13,14,36,40,0.361,0.35,8,26,13,35,0.615,0.743,16,10,40,35,56,45,29,26,6,9,5,5,18,14,23,17,-9,9
0022500172,2025-11-05,DET,UTA,114,103,1,45,33,91,86,0.495,0.384,11,12,30,39,0.367,0.308,13,25,22,29,0.591,0.862,13,11,39,33,52,44,24,24,5,7,6,2,13,15,23,17,11,-11
0022500171,2025-11-05,CLE,PHI,132,121,1,49,44,92,90,0.533,0.489,18,12,44,31,0.409,0.387,16,21,17,30,0.941,0.7,10,15,24,28,34,43,33,26,9,9,7,2,15,19,22,23,11,-11
0022500175,2025-11-05,NYK,MIN,137,114,1,55,40,102,83,0.539,0.482,19,19,42,40,0.452,0.475,8,15,9,17,0.889,0.882,21,9,29,22,50,31,32,30,7,6,8,2,14,17,21,14,23,-23
0022500182,2025-11-06,PHX,LAC,115,102,1,41,35,92,79,0.446,0.443,19,10,49,31,0.388,0.323,14,22,19,30,0.737,0.733,15,11,29,30,44,41,27,24,13,8,2,4,16,15,23,19,13,-13
0022500029,2025-11-07,WAS,CLE,115,148,0,41,52,91,110,0.451,0.473,15,20,41,45,0.366,0.444,18,24,23,31,0.783,0.774,16,25,28,32,44,57,32,34,5,15,7,6,20,10,24,17,-33,33
0022500028,2025-11-07,ORL,BOS,123,110,1,41,43,82,95,0.5,0.453,17,13,36,37,0.472,0.351,24,11,31,16,0.774,0.688,11,12,33,32,44,44,28,26,8,9,7,8,15,14,18,27,13,-13
0022500030,2025-11-07,ATL,TOR,97,109,0,33,37,96,91,0.344,0.407,9,12,38,38,0.237,0.316,22,23,23,25,0.957,0.92,19,13,35,35,54,48,24,23,8,11,7,6,19,13,19,21,-12,12
0022500034,2025-11-07,MEM,DAL,118,104,1,41,42,85,86,0.482,0.488,13,10,35,39,0.371,0.256,23,10,28,16,0.821,0.625,7,8,35,36,42,44,27,25,8,7,1,6,15,18,20,20,14,-14
0022500032,2025-11-07,SAS,HOU,121,110,1,40,39,87,85,0.46,0.459,18,13,45,27,0.4,0.481,23,19,25,21,0.92,0.905,15,17,25,24,40,41,30,25,15,12,4,4,21,24,19,24,11,-11
0022500033,2025-11-07,MIA,CHA,126,108,1,51,37,99,97,0.515,0.381,12,10,28,39,0.429,0.256,12,24,14,27,0.857,0.889,6,19,31,38,37,57,31,22,10,4,7,9,8,18,21,18,18,-18
0022500035,2025-11-07,MIL,CHI,126,110,1,48,44,103,90,0.466,0.489,16,10,39,33,0.41,0.303,14,12,18,16,0.778,0.75,14,8,39,37,53,45,27,34,10,9,6,3,11,14,16,19,16,-16
0022500036,2025-11-07,MIN,UTA,137,97,1,50,35,88,94,0.568,0.372,17,9,36,39,0.472,0.231,20,18,27,25,0.741,0.72,13,16,39,24,52,40,32,28,10,11,10,3,21,18,23,22,40,-40
0022500037,2025-11-07,DEN,GSW,129,104,1,46,40,82,95,0.561,0.421,16,12,33,41,0.485,0.293,21,12,25,15,0.84,0.8,7,17,34,29,41,46,34,28,8,4,4,5,9,12,15,18,25,-25
0022500038,2025-11-07,SAC,OKC,101,132,0,38,49,92,91,0.413,0.538,15,13,40,35,0.375,0.371,10,21,15,24,0.667,0.875,8,8,30,44,38,52,27,27,6,9,3,8,17,11,20,16,-31,31
0022500031,2025-11-07,BKN,DET,107,125,0,34,49,80,85,0.425,0.576,17,6,46,26,0.37,0.231,22,21,26,30,0.846,0.7,8,11,22,35,30,46,26,32,5,14,1,1,20,13,24,19,-18,18
0022500190,2025-11-08,LAC,PHX,103,114,0,41,40,77,83,0.532,0.482,10,16,33,38,0.303,0.421,11,18,18,21,0.611,0.857,5,13,22,29,27,42,26,30,5,9,5,2,11,14,15,19,-11,11
0022500188,2025-11-08,SAS,NOP,126,119,1,48,45,90,94,0.533,0.479,14,15,40,38,0.35,0.395,16,14,18,17,0.889,0.824,10,11,33,29,43,40,31,27,6,7,6,2,12,12,20,19,7,-7
0022500187,2025-11-08,MIA,POR,136,131,1,49,49,96,109,0.51,0.45,10,14,35,51,0.286,0.275,28,19,36,23,0.778,0.826,12,22,35,35,47,57,37,29,17,8,5,4,15,20,23,32,5,-5
0022500186,2025-11-08,CLE,CHI,128,122,1,46,38,94,84,0.489,0.452,17,13,46,29,0.37,0.448,19,33,26,36,0.731,0.917,10,10,29,39,39,49,32,27,6,8,7,4,9,14,27,25,6,-6
0022500185,2025-11-08,ATL,LAL,122,102,1,48,37,93,81,0.516,0.457,16,12,39,30,0.41,0.4,10,16,11,20,0.909,0.8,7,13,30,34,37,47,37,23,13,8,6,5,11,20,14,11,20,-20
0022500184,2025-11-08,PHI,TOR,130,120,1,49,41,96,90,0.51,0.456,10,16,35,38,0.286,0.421,22,22,28,28,0.786,0.786,15,10,39,28,54,38,31,29,4,7,9,5,14,11,22,25,10,-10
0022500183,2025-11-08,WAS,DAL,105,111,0,37,42,89,93,0.416,0.452,11,6,35,24,0.314,0.25,20,21,23,30,0.87,0.7,12,16,32,35,44,51,17,26,7,15,7,6,18,13,21,17,-6,6
0022500189,2025-11-08,DEN,IND,117,100,1,45,33,93,93,0.484,0.355,8,8,27,36,0.296,0.222,19,26,23,34,0.826,0.765,15,15,40,28,55,43,32,20,8,9,2,6,18,11,25,23,17,-17
0022500193,2025-11-09,ORL,BOS,107,111,0,35,40,78,85,0.449,0.471,7,13,29,33,0.241,0.394,30,18,32,25,0.938,0.72,12,13,30,28,42,41,21,22,8,10,4,2,17,14,24,27,-4,4
0022500191,2025-11-09,MIL,HOU,115,122,0,44,48,79,90,0.557,0.533,13,10,29,26,0.448,0.385,14,16,24,21,0.583,0.762,7,20,20,30,27,50,25,24,11,8,6,3,13,18,20,19,-7,7
0022500197,2025-11-09,SAC,MIN,117,144,0,40,52,90,97,0.444,0.536,13,18,29,46,0.448,0.391,24,22,31,24,0.774,0.917,12,9,31,35,43,44,25,28,8,11,3,9,18,11,20,23,-27,27
0022500196,2025-11-09,GSW,IND,114,83,1,38,32,88,94,0.432,0.34,12,11,44,39,0.273,0.282,26,8,37,11,0.703,0.727,11,14,39,39,50,53,22,21,11,7,6,6,10,22,16,25,31,-31
0022500195,2025-11-09,PHI,DET,108,111,0,36,39,84,82,0.429,0.476,12,13,33,30,0.364,0.433,24,20,28,28,0.857,0.714,12,9,32,28,44,37,22,23,8,12,6,5,20,16,22,21,-3,3
0022500194,2025-11-09,MEM,OKC,100,114,0,35,41,91,95,0.385,0.432,17,10,44,43,0.386,0.233,13,22,18,26,0.722,0.846,11,9,39,42,50,51,30,19,3,10,6,3,14,6,25,17,-14,14
0022500192,2025-11-09,NYK,BKN,134,98,1,48,33,89,82,0.539,0.402,17,14,37,45,0.459,0.311,21,18,26,24,0.808,0.75,15,15,31,23,46,38,31,21,9,5,3,8,14,19,25,25,36,-36
0022500206,2025-11-10,LAC,ATL,102,105,0,36,38,82,84,0.439,0.452,12,13,38,34,0.316,0.382,18,16,25,20,0.72,0.8,11,7,31,34,42,41,19,30,7,7,9,8,12,12,14,22,-3,3
0022500205,2025-11-10,UTA,MIN,113,120,0,38,42,95,89,0.4,0.472,17,10,52,33,0.327,0.303,20,26,24,28,0.833,0.929,16,7,34,35,50,42,30,25,5,8,5,5,15,11,24,21,-7,7
0022500203,2025-11-10,DAL,MIL,114,116,0,37,41,89,91,0.416,0.451,9,14,39,36,0.231,0.389,31,20,41,25,0.756,0.8,16,8,36,36,52,44,25,24,8,9,8,6,15,13,22,26,-2,2
0022500202,2025-11-10,CHI,SAS,117,121,0,41,44,93,86,0.441,0.512,16,10,38,33,0.421,0.303,19,23,23,27,0.826,0.852,11,9,34,38,45,47,29,30,10,10,4,7,13,15,20,17,-4,4
0022500201,2025-11-10,MIA,CLE,140,138,1,46,49,98,120,0.469,0.408,12,21,36,65,0.333,0.323,36,19,41,27,0.878,0.704,12,26,44,34,56,60,32,26,5,8,6,4,14,10,27,27,2,-2
0022500199,2025-11-10,DET,WAS,137,135,1,47,50,114,95,0.412,0.526,13,15,41,38,0.317,0.395,30,20,38,26,0.789,0.769,28,11,35,35,63,46,27,26,16,10,5,6,16,20,18,28,2,-2
0022500198,2025-11-10,CHA,LAL,111,121,0,37,45,71,90,0.521,0.5,17,14,36,39,0.472,0.359,20,17,22,20,0.909,0.85,9,12,28,24,37,36,28,25,6,12,6,2,23,11,25,22,-10,10
0022500204,2025-11-10,PHX,NOP,121,98,1,39,34,78,83,0.5,0.41,19,10,43,32,0.442,0.313,24,20,31,26,0.774,0.769,10,15,33,25,43,40,29,18,12,12,7,3,18,20,18,23,23,-23
0022500200,2025-11-10,ORL,POR,115,112,1,39,40,87,90,0.448,0.444,8,13,30,36,0.267,0.361,29,19,34,26,0.853,0.731,11,11,39,27,50,38,26,22,6,5,7,3,13,10,23,24,3,-3
0022500211,2025-11-11,UTA,IND,152,128,1,51,46,92,99,0.554,0.465,19,10,42,37,0.452,0.27,31,26,35,29,0.886,0.897,13,15,32,20,45,35,38,29,3,6,3,6,15,8,27,26,24,-24
0022500209,2025-11-11,PHI,BOS,102,100,1,36,36,84,92,0.429,0.391,14,13,36,38,0.389,0.342,16,15,19,19,0.842,0.789,8,13,36,40,44,53,24,23,2,4,6,6,9,11,22,17,2,-2
0022500210,2025-11-11,OKC,GSW,126,102,1,42,33,83,74,0.506,0.446,16,13,36,35,0.444,0.371,26,23,31,29,0.839,0.793,10,6,30,26,40,32,29,23,12,16,4,4,20,21,21,28,24,-24
0022500212,2025-11-11,SAC,DEN,108,122,0,41,44,85,86,0.482,0.512,10,13,33,33,0.303,0.394,16,21,23,27,0.696,0.778,9,15,26,33,35,48,31,24,4,6,3,2,10,13,23,19,-14,14
0022500208,2025-11-11,NYK,MEM,133,120,1,47,43,98,84,0.48,0.512,22,14,55,38,0.4,0.368,17,20,20,24,0.85,0.833,10,5,34,39,44,44,35,36,12,7,2,3,15,22,21,20,13,-13
0022500207,2025-11-11,BKN,TOR,109,119,0,32,45,81,91,0.395,0.495,14,9,41,35,0.341,0.257,31,20,32,25,0.969,0.8,7,13,29,37,36,50,24,31,7,5,5,4,13,9,20,23,-10,10
0022500218,2025-11-12,HOU,WAS,135,112,1,51,42,96,92,0.531,0.457,17,15,35,38,0.486,0.395,16,13,23,19,0.696,0.684,20,12,33,25,53,37,32,25,9,6,6,5,12,12,18,22,23,-23
0022500217,2025-11-12,MIA,CLE,116,130,0,45,45,94,104,0.479,0.433,15,14,37,47,0.405,0.298,11,26,13,31,0.846,0.839,9,15,35,34,44,49,29,32,6,13,6,10,21,13,29,21,-14,14
0022500220,2025-11-12,SAS,GSW,120,125,0,46,36,94,85,0.489,0.424,14,21,39,57,0.359,0.368,14,32,16,36,0.875,0.889,13,8,36,32,49,40,30,30,5,13,3,3,20,16,24,18,-5,5
0022500215,2025-11-12,NYK,ORL,107,124,0,39,42,88,86,0.443,0.488,11,12,36,33,0.306,0.364,18,28,23,33,0.783,0.848,10,12,27,37,37,49,20,29,10,10,3,4,14,15,25,23,-17,17
0022500214,2025-11-12,DET,CHI,124,113,1,50,41,90,86,0.556,0.477,13,12,30,33,0.433,0.364,11,19,16,28,0.688,0.679,11,12,33,32,44,44,30,21,13,11,5,6,19,21,25,18,11,-11
0022500213,2025-11-12,CHA,MIL,111,100,1,38,40,86,88,0.442,0.455,12,12,40,30,0.3,0.4,23,8,27,13,0.852,0.615,15,10,35,24,50,34,27,29,5,6,5,6,16,9,15,22,11,-11
0022500221,2025-11-12,DAL,PHX,114,123,0,43,44,86,95,0.5,0.463,17,14,47,35,0.362,0.4,11,21,17,26,0.647,0.808,8,13,37,33,45,46,32,31,10,13,10,3,21,12,23,20,-9,9
0022500222,2025-11-12,OKC,LAL,121,92,1,44,31,88,77,0.5,0.403,12,11,39,35,0.308,0.314,21,19,23,28,0.913,0.679,6,9,36,33,42,42,28,19,14,9,4,0,11,20,19,19,29,-29
0022500224,2025-11-12,LAC,DEN,116,130,0,41,44,84,84,0.488,0.524,16,13,37,34,0.432,0.382,18,29,19,35,0.947,0.829,11,11,25,31,36,42,28,22,4,9,7,3,15,12,30,14,-14,14
0022500219,2025-11-12,NOP,POR,117,125,0,43,48,91,83,0.473,0.578,13,13,39,37,0.333,0.351,18,16,21,17,0.857,0.941,15,9,20,30,35,39,28,26,6,5,2,5,10,13,20,22,-8,8
0022500216,2025-11-12,BOS,MEM,131,95,1,50,32,99,95,0.505,0.337,21,10,51,43,0.412,0.233,10,21,12,26,0.833,0.808,18,15,40,26,58,41,34,25,4,8,8,4,11,10,20,18,36,-36
0022500223,2025-11-12,SAC,ATL,100,133,0,36,49,92,85,0.391,0.576,14,17,39,40,0.359,0.425,14,18,18,22,0.778,0.818,9,7,26,38,35,45,22,42,7,14,1,6,20,21,19,20,-33,33
0022500225,2025-11-13,CLE,TOR,113,126,0,41,49,91,88,0.451,0.557,10,12,41,31,0.244,0.387,21,16,26,17,0.808,0.941,14,11,23,32,37,43,26,37,7,6,6,7,12,14,20,20,-13,13
0022500227,2025-11-13,UTA,ATL,122,132,0,45,46,92,90,0.489,0.511,19,24,44,47,0.432,0.511,13,16,21,22,0.619,0.727,14,9,35,34,49,43,39,36,9,18,5,6,24,18,19,18,-10,10
0022500226,2025-11-13,PHX,IND,133,98,1,49,32,85,88,0.576,0.364,13,7,35,25,0.371,0.28,22,27,27,29,0.815,0.931,10,16,33,25,43,41,19,20,6,4,6,3,11,12,24,22,35,-35
0022500039,2025-11-14,NYK,MIA,140,132,1,48,44,104,95,0.462,0.463,21,19,53,44,0.396,0.432,23,25,29,34,0.793,0.735,20,15,31,31,51,46,32,30,9,4,2,5,8,11,23,23,8,-8
0022500040,2025-11-14,ORL,BKN,105,98,1,36,38,78,89,0.462,0.427,15,10,39,39,0.385,0.256,18,12,21,16,0.857,0.75,7,7,39,27,46,34,21,23,3,9,5,4,19,7,16,19,7,-7
0022500041,2025-11-14,DET,PHI,114,105,1,41,39,92,90,0.446,0.433,17,14,41,39,0.415,0.359,15,13,18,15,0.833,0.867,13,13,33,33,46,46,32,19,9,9,7,4,14,15,17,20,9,-9
0022500043,2025-11-14,MIL,CHA,147,134,1,55,47,85,98,0.647,0.48,20,17,34,45,0.588,0.378,17,23,22,29,0.773,0.793,5,10,34,29,39,39,37,31,10,11,3,1,22,13,25,21,13,-13
0022500044,2025-11-14,MIN,SAC,124,110,1,42,41,86,93,0.488,0.441,12,12,37,33,0.324,0.364,28,16,40,27,0.7,0.593,13,13,38,31,51,44,28,32,10,12,3,4,18,15,20,26,14,-14
0022500045,2025-11-14,NOP,LAL,104,118,0,39,44,89,84,0.438,0.524,12,10,34,34,0.353,0.294,14,20,18,26,0.778,0.769,12,10,30,35,42,45,24,28,11,13,3,5,20,18,23,17,-14,14
0022500046,2025-11-14,DAL,LAC,127,133,0,44,45,99,95,0.444,0.474,10,13,36,42,0.278,0.31,29,30,38,36,0.763,0.833,11,7,39,38,50,45,18,22,11,16,7,6,25,23,25,32,-6,6
0022500047,2025-11-14,SAS,GSW,108,109,0,39,38,85,90,0.459,0.422,14,17,38,45,0.368,0.378,16,16,19,18,0.842,0.889,11,15,36,24,47,39,28,18,8,9,6,8,21,15,19,20,-1,1
0022500042,2025-11-14,HOU,POR,140,116,1,53,42,106,89,0.5,0.472,17,13,45,36,0.378,0.361,17,19,20,27,0.85,0.704,20,16,29,28,49,44,26,18,16,4,6,2,6,20,22,18,24,-24
0022500228,2025-11-15,CLE,MEM,108,100,1,38,31,83,86,0.458,0.36,13,9,40,32,0.325,0.281,19,29,29,40,0.655,0.725,11,11,38,35,49,46,24,21,7,9,9,5,21,15,28,25,8,-8
0022500229,2025-11-15,CHA,OKC,96,109,0,37,45,96,89,0.385,0.506,16,11,42,23,0.381,0.478,6,8,7,10,0.857,0.8,12,13,30,37,42,50,23,26,6,9,5,6,15,14,10,15,-13,13
0022500230,2025-11-15,IND,TOR,111,129,0,37,48,87,87,0.425,0.552,15,7,43,30,0.349,0.233,22,26,27,42,0.815,0.619,7,8,33,38,40,46,22,29,5,13,3,3,16,14,25,20,-18,18
0022500231,2025-11-15,MIL,LAL,95,119,0,32,38,80,77,0.4,0.494,15,13,39,33,0.385,0.394,16,30,24,33,0.667,0.909,12,11,27,36,39,47,20,23,6,13,4,4,17,17,23,20,-24,24
0022500232,2025-11-15,MIN,DEN,112,123,0,41,39,88,83,0.466,0.47,10,14,34,29,0.294,0.483,20,31,23,38,0.87,0.816,8,10,32,37,40,47,23,29,9,9,7,6,13,13,27,19,-11,11
0022500239,2025-11-16,PHX,ATL,122,124,0,47,45,97,85,0.485,0.529,10,14,30,43,0.333,0.326,18,20,19,24,0.947,0.833,16,9,31,25,47,34,23,35,9,11,3,3,17,17,24,19,-2,2
0022500233,2025-11-16,BOS,LAC,121,118,1,46,38,103,81,0.447,0.469,16,14,39,35,0.41,0.4,13,28,17,30,0.765,0.933,20,10,29,34,49,44,26,23,6,4,6,7,6,14,21,20,3,-3
0022500234,2025-11-16,SAS,SAC,123,110,1,47,41,87,87,0.54,0.471,14,12,38,33,0.368,0.364,15,16,18,22,0.833,0.727,9,5,37,32,46,37,38,25,7,10,4,3,15,12,17,17,13,-13
0022500235,2025-11-16,WAS,BKN,106,129,0,37,42,84,79,0.44,0.532,12,17,34,41,0.353,0.415,20,28,22,35,0.909,0.8,3,7,30,37,33,44,21,32,7,4,3,8,12,15,25,18,-23,23
0022500236,2025-11-16,HOU,ORL,117,113,1,42,38,100,91,0.42,0.418,8,12,20,37,0.4,0.324,25,25,29,34,0.862,0.735,19,9,41,29,60,38,19,21,4,11,4,9,15,8,23,22,4,-4
0022500237,2025-11-16,NOP,GSW,106,124,0,38,43,83,94,0.458,0.457,8,24,29,56,0.276,0.429,22,14,29,17,0.759,0.824,15,16,30,31,45,47,22,34,11,14,4,4,21,21,16,23,-18,18
0022500238,2025-11-16,DAL,POR,138,133,1,48,46,95,113,0.505,0.407,15,14,34,47,0.441,0.298,27,27,40,32,0.675,0.844,13,22,34,31,47,53,33,26,7,8,9,5,15,12,22,32,5,-5
0022500240,2025-11-16,UTA,CHI,150,147,1,49,49,111,108,0.441,0.454,18,19,49,50,0.367,0.38,34,30,41,32,0.829,0.938,12,12,41,48,53,60,29,38,13,7,6,10,9,17,28,29,3,-3
0022500243,2025-11-17,PHI,LAC,110,108,1,39,35,84,87,0.464,0.402,11,12,33,39,0.333,0.308,21,26,30,27,0.7,0.963,9,8,37,37,46,45,26,18,7,6,4,3,9,10,20,26,2,-2
0022500241,2025-11-17,CLE,MIL,118,106,1,44,39,79,93,0.557,0.419,15,17,35,36,0.429,0.472,15,11,21,15,0.714,0.733,4,7,41,27,45,34,25,26,7,9,5,1,18,15,17,17,12,-12
0022500248,2025-11-17,DEN,CHI,127,130,0,46,48,97,102,0.474,0.471,14,19,36,53,0.389,0.358,21,15,25,19,0.84,0.789,13,13,40,40,53,53,21,31,6,5,5,4,8,9,14,18,-3,3
0022500242,2025-11-17,DET,IND,127,112,1,48,35,88,84,0.545,0.417,9,9,35,31,0.257,0.29,22,33,30,45,0.733,0.733,14,20,29,23,43,43,29,19,9,8,8,5,17,21,28,26,15,-15
0022500247,2025-11-17,NOP,OKC,109,126,0,42,43,86,87,0.488,0.494,12,17,28,42,0.429,0.405,13,23,15,28,0.867,0.821,12,13,23,25,35,38,21,30,9,12,4,6,22,18,26,20,-17,17
0022500246,2025-11-17,MIN,DAL,120,96,1,44,34,97,85,0.454,0.4,14,9,44,30,0.318,0.3,18,19,25,31,0.72,0.613,14,10,45,33,59,43,27,13,16,7,5,4,17,20,24,22,24,-24
0022500245,2025-11-17,TOR,CHA,110,108,1,44,37,88,87,0.5,0.425,10,10,25,40,0.4,0.25,12,24,16,30,0.75,0.8,8,14,35,34,43,48,25,19,8,11,7,9,17,16,21,14,2,-2
0022500244,2025-11-17,MIA,NYK,115,113,1,45,43,101,94,0.446,0.457,14,9,35,36,0.4,0.25,11,18,13,24,0.846,0.75,7,11,33,37,40,48,29,23,5,7,5,7,14,17,21,18,2,-2
0022500253,2025-11-18,LAL,UTA,140,126,1,50,48,84,92,0.595,0.522,11,13,32,45,0.344,0.289,29,17,40,18,0.725,0.944,11,8,30,25,41,33,31,33,9,13,1,2,17,18,21,30,14,-14
0022500252,2025-11-18,SAS,MEM,111,101,1,42,42,87,104,0.483,0.404,16,12,42,39,0.381,0.308,11,5,13,9,0.846,0.556,4,21,34,38,38,59,23,30,10,6,3,4,9,14,16,15,10,-10
0022500251,2025-11-18,ATL,DET,112,120,0,42,45,87,83,0.483,0.542,15,10,44,31,0.341,0.323,13,20,15,24,0.867,0.833,11,7,24,32,35,39,31,28,9,12,5,4,19,15,24,16,-8,8
0022500250,2025-11-18,BKN,BOS,99,113,0,33,37,82,75,0.402,0.493,14,19,38,42,0.368,0.452,19,20,27,26,0.704,0.769,12,10,27,39,39,49,25,25,12,6,2,5,14,20,22,24,-14,14
0022500249,2025-11-18,ORL,GSW,121,113,1,43,39,85,78,0.506,0.5,8,13,32,36,0.25,0.361,27,22,29,28,0.931,0.786,10,6,33,30,43,36,28,26,14,11,3,3,14,18,20,18,8,-8
0022500254,2025-11-18,POR,PHX,110,127,0,42,47,97,98,0.433,0.48,10,14,41,40,0.244,0.35,16,19,20,22,0.8,0.864,15,18,28,28,43,46,24,24,7,19,6,4,20,18,12,27,-17,17
0022500262,2025-11-19,DAL,NYK,111,113,0,35,41,85,93,0.412,0.441,16,12,44,42,0.364,0.286,25,19,30,35,0.833,0.543,10,16,40,33,50,49,23,27,6,8,5,10,18,9,26,22,-2,2
0022500256,2025-11-19,IND,CHA,127,118,1,46,43,85,107,0.541,0.402,16,13,38,45,0.421,0.289,19,19,23,22,0.826,0.864,10,22,33,26,43,48,32,28,5,7,8,2,16,13,22,18,9,-9
0022500257,2025-11-19,MIA,GSW,110,96,1,39,34,96,95,0.406,0.358,13,13,35,49,0.371,0.265,19,15,26,20,0.731,0.75,14,20,38,42,52,62,30,24,10,8,3,5,14,23,17,20,14,-14
0022500261,2025-11-19,OKC,SAC,113,99,1,41,38,88,86,0.466,0.442,10,8,38,28,0.263,0.286,21,15,23,23,0.913,0.652,9,12,36,33,45,45,22,21,9,12,10,0,16,18,21,22,14,-14
0022500260,2025-11-19,NOP,DEN,118,125,0,44,46,98,83,0.449,0.554,7,11,34,31,0.206,0.355,23,22,31,27,0.742,0.815,17,9,27,32,44,41,25,35,12,8,5,1,12,20,24,26,-7,7
0022500263,2025-11-19,POR,CHI,121,122,0,44,46,107,96,0.411,0.479,12,21,42,49,0.286,0.429,21,9,32,14,0.656,0.643,26,7,38,31,64,38,27,36,10,10,5,9,16,16,16,26,-1,1
0022500259,2025-11-19,MIN,WAS,120,109,1,42,43,94,88,0.447,0.489,13,14,38,32,0.342,0.438,23,9,32,12,0.719,0.75,19,12,31,31,50,43,28,25,11,6,4,6,10,17,15,26,11,-11
0022500258,2025-11-19,PHI,TOR,112,121,0,41,45,87,84,0.471,0.536,14,11,35,29,0.4,0.379,16,20,18,24,0.889,0.833,16,8,25,23,41,31,24,33,11,12,6,2,21,15,20,19,-9,9
0022500255,2025-11-19,CLE,HOU,104,114,0,36,41,81,90,0.444,0.456,12,9,39,24,0.308,0.375,20,23,32,27,0.625,0.852,10,16,29,35,39,51,20,23,4,9,5,4,12,13,18,23,-10,10
0022500264,2025-11-20,ORL,LAC,129,101,1,45,36,94,89,0.479,0.404,18,14,34,36,0.529,0.389,21,15,24,19,0.875,0.789,12,10,39,33,51,43,32,20,12,7,4,6,11,21,17,20,28,-28
0022500266,2025-11-20,MIL,PHI,114,123,0,45,42,92,97,0.489,0.433,14,18,36,53,0.389,0.34,10,21,13,26,0.769,0.808,3,11,39,41,42,52,30,30,7,9,2,6,14,14,19,15,-9,9
0022500267,2025-11-20,SAS,ATL,135,126,1,48,49,91,87,0.527,0.563,17,20,40,37,0.425,0.541,22,8,30,13,0.733,0.615,10,6,33,33,43,39,34,30,10,7,4,6,11,16,15,24,9,-9
0022500265,2025-11-20,MEM,SAC,137,96,1,50,37,99,80,0.505,0.463,17,11,54,33,0.315,0.333,20,11,26,15,0.769,0.733,11,4,38,28,49,32,42,24,11,5,3,5,8,17,11,22,41,-41
0022500051,2025-11-21,CHI,MIA,107,143,0,37,47,90,100,0.411,0.47,12,14,43,38,0.279,0.368,21,35,28,44,0.75,0.795,8,15,31,38,39,53,26,35,5,13,13,7,18,10,27,22,-36,36
0022500056,2025-11-21,GSW,POR,123,127,0,40,42,83,88,0.482,0.477,17,16,43,45,0.395,0.356,26,27,30,32,0.867,0.844,9,21,23,31,32,52,29,31,14,8,4,5,14,21,25,25,-4,4
0022500055,2025-11-21,UTA,OKC,112,144,0,38,51,79,83,0.481,0.614,16,23,38,37,0.421,0.622,20,19,24,25,0.833,0.76,12,3,27,23,39,26,30,36,10,15,3,4,28,14,25,16,-32,32
0022500054,2025-11-21,HOU,DEN,109,112,0,41,40,93,76,0.441,0.526,14,11,36,29,0.389,0.379,13,21,20,27,0.65,0.778,18,11,23,27,41,38,21,28,8,8,2,7,16,15,22,20,-3,3
0022500053,2025-11-21,PHX,MIN,114,113,1,39,39,81,86,0.481,0.453,14,12,31,37,0.452,0.324,22,23,29,33,0.759,0.697,15,14,30,23,45,37,25,18,13,17,2,4,28,22,29,23,1,-1
0022500052,2025-11-21,DAL,NOP,118,115,1,40,42,84,91,0.476,0.462,16,7,43,27,0.372,0.259,22,24,28,31,0.786,0.774,11,9,36,33,47,42,30,25,9,15,9,4,20,13,19,20,3,-3
0022500048,2025-11-21,CLE,IND,120,109,1,43,37,89,88,0.483,0.42,13,11,35,37,0.371,0.297,21,24,27,26,0.778,0.923,14,10,38,33,52,43,28,25,5,10,8,6,14,13,22,22,11,-11
0022500049,2025-11-21,BOS,BKN,105,113,0,42,43,90,82,0.467,0.524,11,13,34,33,0.324,0.394,10,14,14,21,0.714,0.667,14,7,30,34,44,41,24,31,7,5,1,6,13,14,25,17,-8,8
0022500050,2025-11-21,TOR,WAS,140,110,1,48,39,83,86,0.578,0.453,14,12,28,41,0.5,0.293,30,20,39,24,0.769,0.833,13,7,35,22,48,29,36,26,13,9,4,4,15,18,20,22,30,-30
0022500269,2025-11-22,ORL,NYK,133,121,1,47,43,85,79,0.553,0.544,13,13,33,37,0.394,0.351,26,22,30,28,0.867,0.786,11,9,25,27,36,36,28,28,5,5,2,4,14,17,26,28,12,-12
0022500268,2025-11-22,CHA,LAC,116,131,0,41,46,85,90,0.482,0.511,11,19,36,43,0.306,0.442,23,20,26,24,0.885,0.833,11,11,27,30,38,41,24,30,5,8,2,2,11,10,20,19,-15,15
0022500273,2025-11-22,DAL,MEM,96,102,0,35,37,91,92,0.385,0.402,12,8,36,31,0.333,0.258,14,20,16,24,0.875,0.833,11,23,30,38,41,61,19,26,4,5,9,5,10,13,21,18,-6,6
0022500272,2025-11-22,MIL,DET,116,129,0,43,49,84,78,0.512,0.628,20,16,43,30,0.465,0.533,10,15,12,24,0.833,0.625,6,1,29,31,35,32,29,31,8,10,7,6,17,14,19,17,-13,13
0022500271,2025-11-22,CHI,WAS,121,120,1,42,44,100,96,0.42,0.458,12,16,44,36,0.273,0.444,25,16,30,20,0.833,0.8,17,15,37,40,54,55,26,33,5,9,5,4,10,15,15,23,1,-1
0022500270,2025-11-22,NOP,ATL,98,115,0,35,42,84,90,0.417,0.467,8,17,27,46,0.296,0.37,20,14,24,19,0.833,0.737,13,10,35,32,48,42,21,28,5,6,6,7,18,7,17,20,-17,17
0022500274,2025-11-22,DEN,SAC,123,128,0,45,48,92,91,0.489,0.527,14,10,37,30,0.378,0.333,19,22,23,23,0.826,0.957,11,9,27,28,38,37,28,32,1,8,3,3,13,7,21,20,-5,5
0022500279,2025-11-23,TOR,BKN,119,109,1,39,35,84,75,0.464,0.467,15,12,30,34,0.5,0.353,26,27,29,31,0.897,0.871,6,10,26,30,32,40,30,23,12,5,4,7,9,19,22,20,10,-10
0022500275,2025-11-23,PHI,MIA,117,127,0,44,48,98,98,0.449,0.49,14,11,41,32,0.341,0.344,15,20,19,30,0.789,0.667,15,18,32,40,47,58,28,32,7,7,9,2,15,13,21,17,-10,10
0022500282,2025-11-23,UTA,LAL,106,108,0,40,38,94,86,0.426,0.442,13,10,40,38,0.325,0.263,13,22,18,27,0.722,0.815,10,5,35,40,45,45,27,23,7,7,2,4,14,14,21,18,-2,2
0022500278,2025-11-23,CLE,LAC,120,105,1,45,37,87,80,0.517,0.463,17,8,45,26,0.378,0.308,13,23,20,26,0.65,0.885,8,12,33,28,41,40,28,23,10,6,4,2,14,16,22,17,15,-15
0022500276,2025-11-23,ATL,CHA,113,110,1,45,39,91,86,0.495,0.453,11,14,31,44,0.355,0.318,12,18,16,20,0.75,0.9,10,9,27,34,37,43,32,26,6,4,5,2,9,16,21,15,3,-3
0022500277,2025-11-23,BOS,ORL,138,129,1,53,47,88,100,0.602,0.47,15,16,33,38,0.455,0.421,17,19,22,24,0.773,0.792,7,18,30,26,37,44,29,33,6,3,8,4,5,8,21,17,9,-9
0022500281,2025-11-23,PHX,SAS,111,102,1,43,32,97,77,0.443,0.416,14,10,38,34,0.368,0.294,11,28,16,34,0.688,0.824,11,14,32,36,43,50,27,17,10,4,6,4,6,19,23,17,9,-9
0022500280,2025-11-23,OKC,POR,122,95,1,45,34,85,92,0.529,0.37,15,12,36,47,0.417,0.255,17,15,23,21,0.739,0.714,12,16,37,29,49,45,33,18,9,8,8,4,14,17,23,19,27,-27
0022500292,2025-11-24,SAC,MIN,117,112,1,42,40,97,97,0.433,0.412,7,13,26,42,0.269,0.31,26,19,28,22,0.929,0.864,11,15,38,40,49,55,27,21,9,9,3,4,12,16,21,28,5,-5
0022500291,2025-11-24,GSW,UTA,134,117,1,51,47,104,99,0.49,0.475,19,11,52,36,0.365,0.306,13,12,18,18,0.722,0.667,16,14,34,33,50,47,34,32,11,7,5,6,10,14,14,14,17,-17
0022500290,2025-11-24,PHX,HOU,92,114,0,33,43,80,88,0.413,0.489,13,13,37,31,0.351,0.419,13,15,19,17,0.684,0.882,13,12,26,29,39,41,11,26,9,13,4,4,21,16,20,20,-22,22
0022500289,2025-11-24,NOP,CHI,143,130,1,53,43,104,82,0.51,0.524,13,20,35,50,0.371,0.4,24,24,35,32,0.686,0.75,19,4,36,29,55,33,28,29,13,4,5,3,14,17,21,21,13,-13
0022500288,2025-11-24,MIL,POR,103,115,0,38,36,86,79,0.442,0.456,13,18,37,43,0.351,0.419,14,25,18,33,0.778,0.758,8,12,31,36,39,48,22,24,10,8,5,8,13,16,26,16,-12,12
0022500287,2025-11-24,MEM,DEN,115,125,0,43,46,93,91,0.462,0.505,16,22,47,43,0.34,0.512,13,11,15,14,0.867,0.786,11,14,29,32,40,46,33,32,6,5,4,3,11,14,16,15,-10,10
0022500286,2025-11-24,MIA,DAL,106,102,1,42,38,94,97,0.447,0.392,5,12,27,40,0.185,0.3,17,14,24,16,0.708,0.875,14,15,39,35,53,50,22,22,8,8,7,5,14,16,16,19,4,-4
0022500285,2025-11-24,BKN,NYK,100,113,0,33,45,87,88,0.379,0.511,14,12,48,35,0.292,0.343,20,11,28,14,0.714,0.786,13,9,31,34,44,43,19,28,5,6,1,6,10,8,14,21,-13,13
0022500284,2025-11-24,TOR,CLE,110,99,1,44,36,90,87,0.489,0.414,10,14,36,48,0.278,0.292,12,13,18,13,0.667,1.0,10,4,41,33,51,37,28,27,8,11,1,4,16,12,14,13,11,-11
0022500283,2025-11-24,IND,DET,117,122,0,39,42,82,84,0.476,0.5,13,9,31,25,0.419,0.36,26,29,34,37,0.765,0.784,5,14,25,31,30,45,22,24,11,8,4,4,13,17,27,27,-5,5
0022500059,2025-11-25,LAL,LAC,135,118,1,50,42,87,81,0.575,0.519,13,13,29,35,0.448,0.371,22,21,26,24,0.846,0.875,12,7,26,22,38,29,29,24,9,7,4,2,11,16,22,22,17,-17
0022500058,2025-11-25,PHI,ORL,103,144,0,37,54,82,101,0.451,0.535,9,13,25,34,0.36,0.382,20,23,22,28,0.909,0.821,8,15,30,32,38,47,22,38,7,10,4,4,21,12,20,20,-41,41
0022500057,2025-11-25,WAS,ATL,132,113,1,48,43,84,95,0.571,0.453,19,15,38,43,0.5,0.349,17,12,26,16,0.654,0.75,6,14,30,30,36,44,30,33,13,4,8,6,13,19,19,19,19,-19
0022500068,2025-11-26,SAC,PHX,100,112,0,40,42,86,91,0.465,0.462,12,14,34,42,0.353,0.333,8,14,10,20,0.8,0.7,9,17,32,30,41,47,20,25,9,14,6,5,19,17,17,14,-12,12
0022500065,2025-11-26,NOP,MEM,128,133,0,50,52,101,97,0.495,0.536,19,17,45,37,0.422,0.459,9,12,10,14,0.9,0.857,10,11,30,38,40,49,34,38,10,9,9,8,15,16,18,18,-5,5
0022500064,2025-11-26,OKC,MIN,113,105,1,38,33,80,80,0.475,0.413,7,17,26,37,0.269,0.459,30,22,38,37,0.789,0.595,5,12,34,32,39,44,19,25,8,4,3,5,9,16,25,25,8,-8
0022500063,2025-11-26,TOR,IND,97,95,1,35,35,90,78,0.389,0.449,5,11,26,33,0.192,0.333,22,14,27,23,0.815,0.609,12,3,36,40,48,43,18,20,9,7,4,7,13,18,19,22,2,-2
0022500062,2025-11-26,MIA,MIL,106,103,1,39,40,85,95,0.459,0.421,10,14,36,42,0.278,0.333,18,9,20,14,0.9,0.643,9,11,38,36,47,47,32,31,9,7,7,1,14,14,10,15,3,-3
0022500061,2025-11-26,CHA,NYK,101,129,0,35,50,85,88,0.412,0.568,13,13,43,25,0.302,0.52,18,16,24,18,0.75,0.889,9,8,26,33,35,41,15,26,5,12,3,4,17,15,16,22,-28,28
0022500060,2025-11-26,BOS,DET,117,114,1,38,37,87,93,0.437,0.398,20,11,43,36,0.465,0.306,21,29,24,36,0.875,0.806,12,21,32,35,44,56,24,20,9,5,7,7,13,13,27,18,3,-3
0022500066,2025-11-26,GSW,HOU,100,104,0,35,39,82,99,0.427,0.394,12,11,43,39,0.279,0.282,18,15,21,24,0.857,0.625,13,25,34,28,47,53,25,24,8,7,5,3,16,10,26,20,-4,4
0022500067,2025-11-26,POR,SAS,102,115,0,37,41,87,101,0.425,0.406,9,11,36,33,0.25,0.333,19,22,30,25,0.633,0.88,12,20,36,37,48,57,21,17,3,12,9,6,18,9,22,22,-13,13
0022500078,2025-11-28,LAL,DAL,129,119,1,45,44,76,91,0.592,0.484,18,14,35,32,0.514,0.438,21,17,26,20,0.808,0.85,6,14,28,25,34,39,27,28,4,8,4,4,15,11,20,23,10,-10
0022500079,2025-11-28,LAC,MEM,107,112,0,38,39,89,88,0.427,0.443,12,17,38,40,0.316,0.425,19,17,21,22,0.905,0.773,8,15,31,38,39,53,19,24,13,5,5,6,13,15,21,19,-5,5
0022500069,2025-11-28,ATL,CLE,130,123,1,48,44,91,95,0.527,0.463,16,17,43,39,0.372,0.436,18,18,26,20,0.692,0.9,6,14,32,34,38,48,36,29,11,9,5,4,14,17,14,17,7,-7
0022500070,2025-11-28,BKN,PHI,103,115,0,34,43,85,88,0.4,0.489,13,11,43,37,0.302,0.297,22,18,26,20,0.846,0.9,14,9,27,32,41,41,21,28,5,12,5,7,18,12,16,20,-12,12
0022500071,2025-11-28,CHA,CHI,123,116,1,44,46,97,97,0.454,0.474,15,8,45,36,0.333,0.222,20,16,24,20,0.833,0.8,10,10,36,34,46,44,28,31,6,8,10,1,14,11,19,18,7,-7
0022500072,2025-11-28,DET,ORL,109,112,0,37,40,84,97,0.44,0.412,11,5,28,30,0.393,0.167,24,27,31,32,0.774,0.844,14,14,35,30,49,44,22,14,7,15,8,7,24,14,27,25,-3,3
0022500073,2025-11-28,IND,WAS,119,86,1,48,33,92,84,0.522,0.393,13,7,34,32,0.382,0.219,10,13,13,20,0.769,0.65,10,11,40,31,50,42,27,18,9,6,8,7,16,17,16,17,33,-33
0022500074,2025-11-28,NYK,MIL,118,109,1,38,37,84,71,0.452,0.521,14,18,34,41,0.412,0.439,28,17,33,25,0.848,0.68,14,5,30,30,44,35,25,24,10,9,2,4,13,15,21,26,9,-9
0022500075,2025-11-28,OKC,PHX,123,119,1,42,42,87,92,0.483,0.457,15,15,32,44,0.469,0.341,24,20,28,24,0.857,0.833,3,13,34,38,37,51,27,20,9,7,3,4,10,20,22,24,4,-4
0022500076,2025-11-28,DEN,SAS,136,139,0,48,46,91,94,0.527,0.489,16,17,39,42,0.41,0.405,24,30,30,32,0.8,0.938,14,12,30,23,44,35,27,30,5,10,5,5,17,9,22,27,-3,3
0022500077,2025-11-28,UTA,SAC,128,119,1,42,43,87,96,0.483,0.448,13,10,40,29,0.325,0.345,31,23,40,32,0.775,0.719,13,12,36,32,49,44,32,27,7,9,5,5,13,9,22,22,9,-9
0022500300,2025-11-29,LAC,DAL,110,114,0,37,40,80,90,0.463,0.444,7,11,25,39,0.28,0.282,29,23,31,28,0.935,0.821,5,4,41,33,46,37,25,22,5,15,6,2,18,9,21,19,-4,4
0022500299,2025-11-29,PHX,DEN,112,130,0,39,44,88,76,0.443,0.579,14,22,42,38,0.333,0.579,20,20,26,21,0.769,0.952,11,10,21,30,32,40,23,36,11,2,2,5,7,17,23,20,-18,18
0022500298,2025-11-29,GSW,NOP,104,96,1,38,32,93,86,0.409,0.372,12,7,47,30,0.255,0.233,16,25,20,34,0.8,0.735,14,16,33,34,47,50,28,16,5,7,3,2,10,13,23,21,8,-8
0022500297,2025-11-29,MIL,BKN,116,99,1,44,36,84,77,0.524,0.468,16,16,39,42,0.41,0.381,12,11,17,17,0.706,0.647,12,6,31,25,43,31,31,23,13,4,2,4,14,20,16,16,17,-17
0022500293,2025-11-29,MIN,BOS,119,115,1,41,45,83,96,0.494,0.469,21,16,48,46,0.438,0.348,16,9,20,15,0.8,0.6,5,14,32,29,37,43,31,24,3,10,4,7,15,11,16,21,4,-4
0022500295,2025-11-29,IND,CHI,103,101,1,41,39,89,87,0.461,0.448,13,14,41,34,0.317,0.412,8,9,11,16,0.727,0.563,7,8,37,37,44,45,24,24,8,5,10,3,13,13,15,14,2,-2
0022500294,2025-11-29,CHA,TOR,118,111,1,41,44,93,99,0.441,0.444,10,9,39,29,0.256,0.31,26,14,29,17,0.897,0.824,12,17,27,35,39,52,24,34,10,6,5,3,9,16,19,26,7,-7
0022500296,2025-11-29,MIA,DET,135,138,0,44,55,88,93,0.5,0.591,14,11,29,26,0.483,0.423,33,17,39,23,0.846,0.739,11,11,27,32,38,43,27,29,12,11,3,3,18,21,20,27,-3,3
0022500306,2025-11-30,MIN,SAS,125,112,1,49,44,87,84,0.563,0.524,17,8,37,33,0.459,0.242,10,16,13,19,0.769,0.842,10,7,26,26,36,33,35,17,5,10,0,1,13,10,16,15,13,-13
0022500307,2025-11-30,SAC,MEM,107,115,0,43,45,94,86,0.457,0.523,8,9,27,24,0.296,0.375,13,16,22,22,0.591,0.727,10,13,24,39,34,52,25,28,14,4,7,7,8,23,22,22,-8,8
0022500305,2025-11-30,POR,OKC,115,123,0,35,44,89,90,0.393,0.489,16,10,49,29,0.327,0.345,29,25,37,32,0.784,0.781,13,8,36,41,49,49,22,27,8,7,5,9,14,12,22,29,-8,8
0022500308,2025-11-30,LAL,NOP,133,121,1,42,46,87,91,0.483,0.505,15,13,41,26,0.366,0.5,34,16,39,20,0.872,0.8,11,8,35,32,46,40,26,23,4,6,10,1,9,8,14,27,12,-12
0022500303,2025-11-30,NYK,TOR,116,94,1,44,37,96,88,0.458,0.42,16,11,45,37,0.356,0.297,12,9,16,17,0.75,0.529,25,14,36,26,61,40,27,27,9,9,3,6,18,18,15,15,22,-22
0022500302,2025-11-30,CLE,BOS,115,117,0,43,40,94,81,0.457,0.494,20,14,52,40,0.385,0.35,9,23,13,29,0.692,0.793,16,15,27,31,43,46,28,19,7,9,2,4,14,19,22,17,-2,2
0022500301,2025-11-30,UTA,HOU,101,129,0,39,46,88,87,0.443,0.529,9,11,32,31,0.281,0.355,14,26,15,33,0.933,0.788,9,15,24,35,33,50,32,30,8,14,4,7,17,16,23,18,-28,28
0022500304,2025-11-30,PHI,ATL,134,142,0,46,48,105,104,0.438,0.462,10,15,44,45,0.227,0.333,32,31,38,41,0.842,0.756,11,14,35,44,46,58,26,36,14,10,6,6,18,23,28,27,-8,8
0022500309,2025-12-01,DET,ATL,99,98,1,38,38,86,89,0.442,0.427,5,14,26,40,0.192,0.35,18,8,24,11,0.75,0.727,18,7,42,27,60,34,18,27,11,15,9,4,23,15,12,16,1,-1
0022500310,2025-12-01,IND,CLE,119,135,0,41,50,85,98,0.482,0.51,10,14,30,40,0.333,0.35,27,21,37,29,0.73,0.724,14,19,22,29,36,48,19,27,5,7,6,8,14,9,22,28,-16,16
0022500311,2025-12-01,WAS,MIL,129,126,1,53,46,102,84,0.52,0.548,13,21,36,38,0.361,0.553,10,13,15,21,0.667,0.619,14,7,27,28,41,35,29,29,9,5,4,4,10,17,17,16,3,-3
0022500312,2025-12-01,BKN,CHA,116,103,1,43,38,96,85,0.448,0.447,17,12,43,32,0.395,0.375,13,15,17,18,0.765,0.833,13,7,30,35,43,42,33,26,10,5,3,7,11,18,23,15,13,-13
0022500313,2025-12-01,MIA,LAC,140,123,1,53,43,100,96,0.53,0.448,24,9,46,29,0.522,0.31,10,28,12,35,0.833,0.8,11,13,39,33,50,46,34,23,7,8,10,3,12,13,25,10,17,-17
0022500314,2025-12-01,ORL,CHI,125,120,1,45,44,88,88,0.511,0.5,9,16,33,37,0.273,0.432,26,16,33,22,0.788,0.727,12,10,34,33,46,43,25,30,12,9,11,4,18,21,16,23,5,-5
0022500315,2025-12-01,DEN,DAL,121,131,0,47,53,99,95,0.475,0.558,12,16,37,31,0.324,0.516,15,9,18,14,0.833,0.643,12,7,35,36,47,43,37,35,5,4,5,4,8,8,11,19,-10,10
0022500316,2025-12-01,UTA,HOU,133,125,1,45,41,90,93,0.5,0.441,14,10,35,34,0.4,0.294,29,33,38,41,0.763,0.805,14,16,36,30,50,46,33,27,8,6,4,8,13,13,31,26,8,-8
0022500317,2025-12-01,LAL,PHX,108,125,0,41,52,80,92,0.513,0.565,13,17,33,39,0.394,0.436,13,4,15,8,0.867,0.5,5,4,34,29,39,33,18,35,1,16,0,1,22,11,13,16,-17,17
0022500323,2025-12-02,GSW,OKC,112,124,0,43,46,95,79,0.453,0.582,18,15,42,32,0.429,0.469,8,17,10,23,0.8,0.739,12,4,31,37,43,41,30,24,5,8,2,5,16,15,22,13,-12,12
0022500322,2025-12-02,SAS,MEM,126,119,1,42,45,92,90,0.457,0.5,18,9,39,26,0.462,0.346,24,20,31,24,0.774,0.833,11,9,29,41,40,50,28,28,7,4,7,6,7,15,22,28,7,-7
0022500321,2025-12-02,NOP,MIN,142,149,0,50,52,91,104,0.549,0.5,12,20,21,51,0.571,0.392,30,25,35,29,0.857,0.862,6,10,36,31,42,41,26,29,5,7,1,4,13,9,23,25,-7,7
0022500319,2025-12-02,TOR,POR,121,118,1,48,41,90,83,0.533,0.494,11,15,30,40,0.367,0.375,14,21,21,32,0.667,0.656,10,9,33,30,43,39,33,23,10,7,3,7,18,15,28,21,3,-3
0022500318,2025-12-02,PHI,WAS,121,102,1,46,35,102,88,0.451,0.398,17,9,40,36,0.425,0.25,12,23,17,32,0.706,0.719,13,16,38,37,51,53,26,23,12,5,6,11,11,15,21,15,19,-19
0022500320,2025-12-02,BOS,NYK,123,117,1,49,43,87,85,0.563,0.506,13,19,40,44,0.325,0.432,12,12,14,17,0.857,0.706,11,10,27,23,38,33,18,29,6,5,3,2,10,12,20,15,6,-6
0022500324,2025-12-03,CLE,POR,110,122,0,38,37,94,85,0.404,0.435,13,14,52,34,0.25,0.412,21,34,24,39,0.875,0.872,10,12,35,42,45,54,23,27,9,4,11,4,7,13,24,21,-12,12
0022500325,2025-12-03,IND,DEN,120,135,0,42,49,81,83,0.519,0.59,13,17,28,28,0.464,0.607,23,20,29,26,0.793,0.769,8,5,30,33,38,38,24,23,6,6,5,5,12,11,24,21,-15,15
0022500326,2025-12-03,ORL,SAS,112,114,0,45,42,99,91,0.455,0.462,9,13,27,38,0.333,0.342,13,17,19,24,0.684,0.708,10,13,38,39,48,52,27,20,11,5,3,5,10,19,19,20,-2,2
0022500327,2025-12-03,ATL,LAC,92,115,0,34,44,85,89,0.4,0.494,13,10,39,32,0.333,0.313,11,17,14,20,0.786,0.85,7,13,31,41,38,54,20,29,9,12,1,1,16,12,17,18,-23,23
0022500328,2025-12-03,NYK,CHA,119,104,1,42,36,88,90,0.477,0.4,12,13,38,42,0.316,0.31,23,19,27,21,0.852,0.905,13,12,31,32,44,44,28,19,9,4,6,7,9,13,19,18,15,-15
0022500329,2025-12-03,CHI,BKN,103,113,0,38,38,90,78,0.422,0.487,7,19,30,46,0.233,0.413,20,18,25,22,0.8,0.818,11,7,31,35,42,42,20,30,14,12,1,8,16,21,15,19,-10,10
0022500330,2025-12-03,HOU,SAC,121,95,1,48,40,91,97,0.527,0.412,5,10,16,34,0.313,0.294,20,5,24,10,0.833,0.5,17,12,45,20,62,32,24,21,10,10,8,7,18,13,10,17,26,-26
0022500331,2025-12-03,MIL,DET,113,109,1,40,38,82,95,0.488,0.4,13,14,44,43,0.295,0.326,20,19,21,24,0.952,0.792,8,13,32,31,40,44,28,25,6,8,6,5,16,15,20,18,4,-4
0022500332,2025-12-03,DAL,MIA,118,108,1,46,40,91,101,0.505,0.396,16,11,32,37,0.5,0.297,10,17,12,18,0.833,0.944,10,14,40,27,50,41,31,29,6,11,7,5,15,11,15,13,10,-10
0022500337,2025-12-04,NOP,MIN,116,125,0,43,42,95,92,0.453,0.457,7,15,25,38,0.28,0.395,23,26,26,29,0.885,0.897,8,12,35,37,43,49,29,30,11,5,3,10,12,20,22,22,-9,9
0022500336,2025-12-04,TOR,LAL,120,123,0,44,44,89,88,0.494,0.5,15,13,37,31,0.405,0.419,17,22,21,26,0.81,0.846,14,14,27,24,41,38,39,26,9,7,8,7,15,11,20,17,-3,3
0022500333,2025-12-04,PHI,GSW,99,98,1,39,37,85,89,0.459,0.416,10,12,37,42,0.27,0.286,11,12,14,16,0.786,0.75,11,11,36,32,47,43,23,27,8,12,7,4,19,13,14,20,1,-1
0022500334,2025-12-04,WAS,BOS,101,146,0,35,54,84,99,0.417,0.545,10,20,31,47,0.323,0.426,21,18,25,21,0.84,0.857,12,15,25,31,37,46,21,35,5,14,4,8,18,10,22,20,-45,45
0022500335,2025-12-04,BKN,UTA,110,123,0,35,42,82,83,0.427,0.506,11,14,42,25,0.262,0.56,29,25,38,27,0.763,0.926,14,9,30,30,44,39,22,31,6,7,7,1,18,13,19,23,-13,13
0022500338,2025-12-05,BOS,LAL,126,105,1,46,33,84,77,0.548,0.429,24,14,45,35,0.533,0.4,10,25,12,29,0.833,0.862,8,10,30,25,38,35,31,15,9,8,5,2,16,14,20,14,21,-21
0022500349,2025-12-05,OKC,DAL,132,111,1,47,41,84,86,0.56,0.477,12,16,30,37,0.4,0.432,26,13,28,20,0.929,0.65,7,9,36,26,43,35,30,28,5,2,3,3,6,12,21,17,21,-21
0022500346,2025-12-05,HOU,PHX,117,98,1,45,39,76,100,0.592,0.39,10,5,18,36,0.556,0.139,17,15,19,19,0.895,0.789,6,15,34,19,40,34,25,14,9,12,8,2,23,13,20,22,19,-19
0022500345,2025-12-05,CHI,IND,105,120,0,34,45,77,84,0.442,0.536,13,18,35,39,0.371,0.462,24,12,29,16,0.828,0.75,11,6,35,29,46,35,21,24,7,13,2,8,19,14,15,21,-15,15
0022500344,2025-12-05,TOR,CHA,86,111,0,34,37,92,74,0.37,0.5,9,13,29,36,0.31,0.361,9,24,13,33,0.692,0.727,12,6,29,41,41,47,19,26,12,14,4,6,20,24,25,20,-25,25
0022500348,2025-12-05,MIL,PHI,101,116,0,35,39,76,86,0.461,0.453,11,17,32,43,0.344,0.395,20,21,27,22,0.741,0.955,7,11,30,31,37,42,26,25,8,12,3,1,18,15,21,24,-15,15
0022500342,2025-12-05,DET,POR,122,116,1,38,36,82,85,0.463,0.424,10,12,24,37,0.417,0.324,36,32,48,35,0.75,0.914,13,18,24,30,37,48,24,22,8,6,7,8,14,20,29,35,6,-6
0022500341,2025-12-05,CLE,SAS,130,117,1,50,42,86,93,0.581,0.452,8,15,26,43,0.308,0.349,22,18,29,26,0.759,0.692,9,11,39,27,48,38,32,28,10,9,4,3,15,14,22,22,13,-13
0022500340,2025-12-05,ATL,DEN,133,134,0,49,47,95,89,0.516,0.528,20,16,46,37,0.435,0.432,15,24,16,30,0.938,0.8,11,9,34,33,45,42,35,28,8,9,2,6,14,12,25,15,-1,1
0022500339,2025-12-05,ORL,MIA,106,105,1,38,40,92,80,0.413,0.5,12,7,34,19,0.353,0.368,18,18,24,27,0.75,0.667,7,4,35,40,42,44,24,23,5,4,3,8,10,15,19,18,1,-1
0022500343,2025-12-05,NYK,UTA,146,112,1,51,35,91,87,0.56,0.402,21,15,42,42,0.5,0.357,23,27,26,35,0.885,0.771,10,10,36,27,46,37,30,23,9,8,2,1,13,12,22,18,34,-34
0022500347,2025-12-05,MEM,LAC,107,98,1,42,35,78,80,0.538,0.438,10,14,28,44,0.357,0.318,13,14,18,17,0.722,0.824,4,5,38,32,42,37,28,22,9,11,4,2,16,17,18,18,9,-9
0022500350,2025-12-06,BKN,NOP,119,101,1,47,37,89,82,0.528,0.451,14,9,35,25,0.4,0.36,11,18,14,22,0.786,0.818,13,11,32,25,45,36,36,30,6,9,7,3,20,17,17,15,18,-18
0022500351,2025-12-06,WAS,ATL,116,131,0,41,52,80,98,0.513,0.531,17,13,38,39,0.447,0.333,17,14,19,14,0.895,1.0,4,15,22,30,26,45,29,36,6,13,5,4,20,15,18,16,-15,15
0022500352,2025-12-06,CLE,GSW,94,99,0,37,33,107,86,0.346,0.384,10,13,42,35,0.238,0.371,10,20,12,23,0.833,0.87,24,8,37,38,61,46,15,25,7,8,4,8,12,14,18,19,-5,5
0022500353,2025-12-06,DET,MIL,124,112,1,43,37,86,84,0.5,0.44,15,16,40,38,0.375,0.421,23,22,31,32,0.742,0.688,16,11,37,25,53,36,31,24,5,11,4,5,16,12,26,26,12,-12
0022500354,2025-12-06,MIA,SAC,111,127,0,41,49,85,93,0.482,0.527,9,14,31,33,0.29,0.424,20,15,32,21,0.625,0.714,11,8,30,37,41,45,23,24,5,11,4,5,13,11,17,19,-16,16
0022500355,2025-12-06,MIN,LAC,109,106,1,34,40,68,85,0.5,0.471,11,9,25,29,0.44,0.31,30,17,34,25,0.882,0.68,6,10,29,25,35,35,23,16,6,8,5,3,14,11,22,28,3,-3
0022500356,2025-12-06,DAL,HOU,122,109,1,49,44,82,87,0.598,0.506,7,10,19,29,0.368,0.345,17,11,20,13,0.85,0.846,7,16,24,21,31,37,22,22,13,8,4,6,13,20,14,20,13,-13
0022500361,2025-12-07,CHI,GSW,91,123,0,32,44,89,88,0.36,0.5,11,22,40,47,0.275,0.468,16,13,19,19,0.842,0.684,15,15,23,36,38,51,24,27,12,11,4,2,15,17,15,16,-32,32
0022500363,2025-12-07,UTA,OKC,101,131,0,40,51,85,88,0.471,0.58,12,21,36,42,0.333,0.5,9,8,12,18,0.75,0.444,6,8,31,36,37,44,25,32,6,9,3,3,17,14,17,20,-30,30
0022500362,2025-12-07,PHI,LAL,108,112,0,36,41,102,85,0.353,0.482,13,13,36,36,0.361,0.361,23,17,26,27,0.885,0.63,17,8,37,44,54,52,21,25,5,3,4,8,6,10,17,22,-4,4
0022500360,2025-12-07,MEM,POR,119,96,1,40,33,89,83,0.449,0.398,10,15,35,43,0.286,0.349,29,15,39,18,0.744,0.833,16,10,35,30,51,40,28,21,18,8,4,5,23,26,25,27,23,-23
0022500358,2025-12-07,TOR,BOS,113,121,0,43,44,88,92,0.489,0.478,9,20,22,47,0.409,0.426,18,13,21,14,0.857,0.929,11,14,31,27,42,41,22,24,5,8,3,9,13,11,18,22,-8,8
0022500357,2025-12-07,NYK,ORL,106,100,1,39,36,91,94,0.429,0.383,11,12,35,42,0.314,0.286,17,16,20,24,0.85,0.667,15,17,37,31,52,48,24,23,8,7,7,4,11,12,21,16,6,-6
0022500359,2025-12-07,CHA,DEN,106,115,0,38,43,85,83,0.447,0.518,14,13,46,35,0.304,0.371,16,16,21,22,0.762,0.727,10,5,37,30,47,35,24,29,7,8,3,2,14,10,22,19,-9,9
0022500364,2025-12-08,IND,SAC,116,105,1,38,41,87,88,0.437,0.466,14,7,35,22,0.4,0.318,26,16,28,23,0.929,0.696,10,15,31,36,41,51,25,28,14,6,7,4,14,19,15,18,11,-11
0022500365,2025-12-08,MIN,PHX,105,108,0,39,41,83,90,0.47,0.456,11,12,42,33,0.262,0.364,16,14,23,20,0.696,0.7,13,14,33,29,46,43,26,26,5,8,1,2,15,9,20,20,-3,3
0022500366,2025-12-08,NOP,SAS,132,135,0,51,49,88,98,0.58,0.5,7,17,26,36,0.269,0.472,23,20,26,25,0.885,0.8,4,12,29,31,33,43,35,29,8,5,6,0,9,15,23,19,-3,3
0022501201,2025-12-09,ORL,MIA,117,108,1,44,42,87,93,0.506,0.452,15,8,32,33,0.469,0.242,14,16,16,19,0.875,0.842,7,7,40,32,47,39,30,25,5,8,6,6,17,8,19,16,9,-9
0022501202,2025-12-09,TOR,NYK,101,117,0,39,42,90,80,0.433,0.525,11,16,38,35,0.289,0.457,12,17,18,28,0.667,0.607,12,14,25,34,37,48,28,19,9,9,4,7,14,14,22,19,-16,16
0022501203,2025-12-10,OKC,PHX,138,89,1,52,33,88,84,0.591,0.393,22,10,40,31,0.55,0.323,12,13,13,16,0.923,0.813,6,7,37,30,43,37,32,24,14,12,7,2,15,21,14,13,49,-49
0022501204,2025-12-10,LAL,SAS,119,132,0,43,43,87,86,0.494,0.5,16,17,37,38,0.432,0.447,17,29,23,36,0.739,0.806,6,9,37,41,43,50,27,25,4,9,7,3,11,12,23,19,-13,13
0022501208,2025-12-11,SAC,DEN,105,136,0,39,52,87,88,0.448,0.591,11,12,38,29,0.289,0.414,16,20,23,29,0.696,0.69,10,10,28,36,38,46,21,35,9,9,4,0,16,12,20,18,-31,31
0022501207,2025-12-11,NOP,POR,143,120,1,58,45,112,102,0.518,0.441,12,14,32,48,0.375,0.292,15,16,17,22,0.882,0.727,19,13,38,28,57,41,36,27,10,5,8,7,10,15,16,19,23,-23
0022501206,2025-12-11,MIL,BOS,116,101,1,46,34,79,88,0.582,0.386,13,14,29,49,0.448,0.286,11,19,14,25,0.786,0.76,5,13,35,26,40,39,28,18,5,7,5,1,16,14,24,15,15,-15
0022501205,2025-12-11,HOU,LAC,115,113,1,43,39,93,78,0.462,0.5,12,14,34,38,0.353,0.368,17,21,21,26,0.81,0.808,22,8,29,20,51,28,26,25,9,15,1,5,19,15,22,20,2,-2
0022501209,2025-12-12,CHA,CHI,126,129,0,51,52,97,94,0.526,0.553,16,10,37,28,0.432,0.357,8,15,10,19,0.8,0.789,8,11,24,33,32,44,30,29,6,3,3,6,9,13,19,11,-3,3
0022501210,2025-12-12,DET,ATL,142,115,1,53,39,91,85,0.582,0.459,12,11,29,36,0.414,0.306,24,26,29,31,0.828,0.839,10,13,30,24,40,37,34,28,16,9,6,8,14,20,22,18,27,-27
0022501211,2025-12-12,PHI,IND,115,105,1,35,38,79,96,0.443,0.396,12,13,37,38,0.324,0.342,33,16,43,19,0.767,0.842,11,12,39,34,50,46,22,26,6,6,4,4,13,7,19,27,10,-10
0022501212,2025-12-12,WAS,CLE,126,130,0,42,41,86,97,0.488,0.423,16,15,44,53,0.364,0.283,26,33,32,36,0.813,0.917,12,15,37,33,49,48,29,28,6,11,6,1,16,7,27,20,-4,4
0022501213,2025-12-12,MEM,UTA,126,130,0,46,48,99,104,0.465,0.462,19,17,41,47,0.463,0.362,15,17,21,25,0.714,0.68,9,14,40,44,49,58,32,33,4,6,5,4,10,13,21,23,-4,4
0022501214,2025-12-12,DAL,BKN,119,111,1,46,39,94,86,0.489,0.453,10,17,30,39,0.333,0.436,17,16,22,19,0.773,0.842,9,9,31,34,40,43,33,26,10,8,8,5,14,17,20,22,8,-8
0022501215,2025-12-12,GSW,MIN,120,127,0,44,48,96,89,0.458,0.539,15,11,46,31,0.326,0.355,17,20,22,28,0.773,0.714,12,11,30,33,42,44,27,30,7,8,2,3,13,11,23,22,-7,7
0022501220,2025-12-14,MIN,SAC,117,103,1,43,37,94,81,0.457,0.457,12,10,37,23,0.324,0.435,19,19,27,25,0.704,0.76,15,4,33,32,48,36,25,21,12,5,5,9,12,15,26,21,14,-14
0022501221,2025-12-14,POR,GSW,99,106,0,33,35,71,66,0.465,0.53,15,18,32,35,0.469,0.514,18,18,21,22,0.857,0.818,7,5,25,26,32,31,21,26,9,11,3,3,15,15,18,18,-7,7
0022501219,2025-12-14,BKN,MIL,127,82,1,45,31,85,79,0.529,0.392,19,8,43,35,0.442,0.229,18,12,19,16,0.947,0.75,6,7,37,30,43,37,33,20,14,8,4,1,14,20,15,18,45,-45
0022501223,2025-12-14,CHI,NOP,104,114,0,38,43,92,93,0.413,0.462,13,8,49,33,0.265,0.242,15,20,17,25,0.882,0.8,13,14,30,39,43,53,26,21,10,7,4,5,13,15,24,17,-10,10
0022501217,2025-12-14,ATL,PHI,120,117,1,43,38,99,101,0.434,0.376,17,17,33,41,0.515,0.415,17,24,21,29,0.81,0.828,18,21,39,33,57,54,33,25,8,10,6,10,17,12,23,15,3,-3
0022501216,2025-12-14,IND,WAS,89,108,0,31,41,84,89,0.369,0.461,10,10,39,28,0.256,0.357,17,16,21,26,0.81,0.615,11,17,30,39,41,56,20,19,2,5,7,3,8,11,18,21,-19,19
0022501218,2025-12-14,CLE,CHA,111,119,0,38,43,95,98,0.4,0.439,12,17,38,44,0.316,0.386,23,16,29,21,0.793,0.762,13,12,33,41,46,53,27,28,10,9,3,7,14,18,24,26,-8,8
0022501228,2025-12-14,PHX,LAL,114,116,0,40,38,82,88,0.488,0.432,13,7,37,37,0.351,0.189,21,33,25,43,0.84,0.767,10,24,27,30,37,54,29,20,11,13,5,8,20,22,28,23,-2,2
